"Name","Created","HtmlUrl","PagesUrl","Reason"
"25-3-gemini-","2025-11-20T19:44:40Z","https://github.com/anacondy/25-3-gemini-","https://anacondy.github.io/25-3-gemini-/","Not in repos.json"
"3-Europe-Map","2025-11-21T13:48:09Z","https://github.com/anacondy/3-Europe-Map","https://anacondy.github.io/3-Europe-Map/","Not in repos.json"
"3-GEM---Europe-Parliament-bal","2025-11-21T13:57:13Z","https://github.com/anacondy/3-GEM---Europe-Parliament-bal","https://anacondy.github.io/3-GEM---Europe-Parliament-bal/","Not in repos.json"
"3-Music-Player-JSX","2025-11-24T22:34:17Z","https://github.com/anacondy/3-Music-Player-JSX","https://anacondy.github.io/3-Music-Player-JSX/","Not in repos.json"
"3-Silent-Archieves","2025-11-26T02:29:09Z","https://github.com/anacondy/3-Silent-Archieves","https://anacondy.github.io/3-Silent-Archieves/","Not in repos.json"
"3-Western-world-sav-pro","2025-11-21T14:03:12Z","https://github.com/anacondy/3-Western-world-sav-pro","https://anacondy.github.io/3-Western-world-sav-pro/","Not in repos.json"
"before-AI-GJ-Terminal","2025-10-17T22:17:17Z","https://github.com/anacondy/before-AI-GJ-Terminal","https://anacondy.github.io/before-AI-GJ-Terminal/","Not in repos.json"
"codes-","2025-08-30T12:13:34Z","https://github.com/anacondy/codes-","https://anacondy.github.io/codes-/","Not in repos.json"
"content-hub-comparison","2026-02-20T16:35:13Z","https://github.com/anacondy/content-hub-comparison","https://anacondy.github.io/content-hub-comparison/","Not in repos.json"
"GJ-flask-app-","2025-10-16T21:19:02Z","https://github.com/anacondy/GJ-flask-app-","https://anacondy.github.io/GJ-flask-app-/","Not in repos.json"
"GJ-Ter-perplex-fills-data-from-gemini-API","2025-10-18T08:45:56Z","https://github.com/anacondy/GJ-Ter-perplex-fills-data-from-gemini-API","https://anacondy.github.io/GJ-Ter-perplex-fills-data-from-gemini-API/","Not in repos.json"
"GJ-Terminal-csv-","2025-10-16T21:43:27Z","https://github.com/anacondy/GJ-Terminal-csv-","https://anacondy.github.io/GJ-Terminal-csv-/","Not in repos.json"
"html-site-for-articles","2025-10-20T00:45:07Z","https://github.com/anacondy/html-site-for-articles","https://anacondy.github.io/html-site-for-articles/","Not in repos.json"
"introduction-to-github","2025-03-27T22:10:20Z","https://github.com/anacondy/introduction-to-github","https://anacondy.github.io/introduction-to-github/","Not in repos.json"
"Local-Drop","2026-06-08T22:16:04Z","https://github.com/anacondy/Local-Drop","https://anacondy.github.io/Local-Drop/","Not in repos.json"
"local-drop-ui-making","2026-06-12T08:54:51Z","https://github.com/anacondy/local-drop-ui-making","https://anacondy.github.io/local-drop-ui-making/","Not in repos.json"
"meena","2024-08-27T13:48:52Z","https://github.com/anacondy/meena","https://anacondy.github.io/meena/","Not in repos.json"
"Minimalist-browser-frontend-1","2026-06-07T10:22:11Z","https://github.com/anacondy/Minimalist-browser-frontend-1","https://anacondy.github.io/Minimalist-browser-frontend-1/","Not in repos.json"
"mutation-sorter","2026-06-14T17:43:20Z","https://github.com/anacondy/mutation-sorter","https://anacondy.github.io/mutation-sorter/","Not in repos.json"
"paper-gemini-archieve-saving-progress-3","2025-10-12T11:28:46Z","https://github.com/anacondy/paper-gemini-archieve-saving-progress-3","https://anacondy.github.io/paper-gemini-archieve-saving-progress-3/","Not in repos.json"
"QuizApp","2025-11-23T19:26:57Z","https://github.com/anacondy/QuizApp","https://anacondy.github.io/QuizApp/","Not in repos.json"
"SC-site-","2025-10-19T21:18:44Z","https://github.com/anacondy/SC-site-","https://anacondy.github.io/SC-site-/","Not in repos.json"
"SC-site-2-saving-progress","2025-10-19T22:07:10Z","https://github.com/anacondy/SC-site-2-saving-progress","https://anacondy.github.io/SC-site-2-saving-progress/","Not in repos.json"
"skills-introduction-to-github","2025-03-27T22:12:49Z","https://github.com/anacondy/skills-introduction-to-github","https://anacondy.github.io/skills-introduction-to-github/","Not in repos.json"
"st-data-","2026-04-23T14:16:04Z","https://github.com/anacondy/st-data-","https://anacondy.github.io/st-data-/","Not in repos.json"
"swot","2024-09-20T13:02:03Z","https://github.com/anacondy/swot","https://anacondy.github.io/swot/","Not in repos.json"
